{
    "id": {
        "type": "uuid",
        "primaryKey": true,
        "foreignKey": [false],
        "unique": true,
        "required": true,
        "defaultValue": ""
    },
    "idTag": {
        "type": "uuid",
        "primaryKey": false,
        "foreignKey": [
            true,
            {
                "table": "tag",
                "column": "id"
            }
        ],
        "unique": false,
        "required": true,
        "defaultValue": ""
    },
    "idRoom": {
        "type": "uuid",
        "primaryKey": false,
        "foreignKey": [
            true,
            {
                "table": "room",
                "column": "id"
            }
        ],
        "unique": false,
        "required": true,
        "defaultValue": ""
    },
    "timestamp": {
        "type": "date",
        "primaryKey": false,
        "foreignKey": [false],
        "unique": false,
        "required": true,
        "defaultValue": ""
    },
    "mode": {
        "type": "int",
        "primaryKey": false,
        "foreignKey": [false],
        "unique": false,
        "required": true,
        "defaultValue": ""
    }
}