{
    "id": {
        "type": "uuid",
        "primaryKey": true,
        "foreignKey": false,
        "unique": true,
        "required": true,
        "defaultValue": ""
    },
    "name": {
        "type": "text",
        "primaryKey": false,
        "foreignKey": false,
        "unique": true,
        "required": true,
        "defaultValue": ""
    },
    "password": {
        "type": "text",
        "primaryKey": false,
        "foreignKey": false,
        "unique": false,
        "required": true,
        "defaultValue": ""
    },
    "number": {
        "type": "text",
        "primaryKey": false,
        "foreignKey": false,
        "unique": false,
        "required": true,
        "defaultValue": ""
    },
    "street": {
        "type": "text",
        "primaryKey": false,
        "foreignKey": false,
        "unique": false,
        "required": true,
        "defaultValue": ""
    },
    "neighborhood": {
        "type": "text",
        "primaryKey": false,
        "foreignKey": false,
        "unique": false,
        "required": true,
        "defaultValue": ""
    },
    "city": {
        "type": "text",
        "primaryKey": false,
        "foreignKey": false,
        "unique": false,
        "required": true,
        "defaultValue": ""
    },
    "state": {
        "type": "text",
        "primaryKey": false,
        "foreignKey": false,
        "unique": false,
        "required": true,
        "defaultValue": ""
    },
    "zipCode": {
        "type": "text",
        "primaryKey": false,
        "foreignKey": false,
        "unique": false,
        "required": true,
        "defaultValue": ""
    }
}